--Insercion de datos

--Inserciones compartidas
-- Completado
insert into Producto values ('000000','',0);
insert into Producto values ('000001','Octavo de pollo',3.00);
insert into Producto values ('000002','Cuarto de pollo',4.00);
insert into Producto values ('000003','Medio de pollo',8.00);
insert into Producto values ('000004','Pollo Entero',15.00);
insert into Producto values ('000005','Porción de arroz',1.25);
insert into Producto values ('000006','Menestra de fréjol',1.00);
insert into Producto values ('000007','Menestra de lenteja',1.00);
insert into Producto values ('000008','Ensalada',1.25);
insert into Producto values ('000009','Papas fritas',1.00);
insert into Producto values ('000010','Papas hornadas',1.75);

-- Completado
insert into Cliente values ('0706856740','Wilman','Armijos','Napo y Alpahuasi','0985317700');
insert into Cliente values ('0706856741','Paulo','Suarez','Bolivar y sucre','0969097349');
insert into Cliente values ('0706856742','Carlos','Guerrero','EL Inca y Los nogales','0983233043');
insert into Cliente values ('0706856743','Fernando','Villegas','Rocafuerte y Eguiguren','0991271265');
insert into Cliente values ('0706856744','Christian','Alvear','Colón y Quito','0992658007');
insert into Cliente values ('0706856745','Jhonatan','Iza','6 de Diciembre y Atahualpa ','0995081426');
insert into Cliente values ('0706856746','Daysi','Logacho','Maldonado y Eplicachima','0998296695');
insert into Cliente values ('0706856747','Mikaela','Valencia','El carmen y Avila','0998820745');
insert into Cliente values ('0706856748','María ','Guaigua','24 de Mayo y Sucre','0999740883');
insert into Cliente values ('0706856749','Lizz','Arauz','Tena y Colón','0968971235');

-- Completado
insert into Empleado values ('1104936750','William','Suntaxi','0985323458','Cocinero');
insert into Empleado values ('1104936751','Manuel','Montalvo','0965874698','Cocinero');
insert into Empleado values ('1104936752','Javier','Rojas','0985748698','Vendedor');
insert into Empleado values ('1104936753','Carlos','Pillajo','0965871236','Mesero');

-- Completado
insert into Proveedor values ('1704532390','Paul','Roman','0965812365');
insert into Proveedor values ('1704532391','Manuel','Carrión','0992345567');
insert into Proveedor values ('1704532392','Andres','Jaramillo','0994578893');
insert into Proveedor values ('1704532393','Camila','Gomez','0965236589');
insert into Proveedor values ('1704532394','Mario','Molina','0987896325');
insert into Proveedor values ('1704532395','José','Perez','0962365981');

-- Completado
insert into Ingrediente values ('100000','Arroz');
insert into Ingrediente values ('101000','Pollo');
insert into Ingrediente values ('102000','Papa');
insert into Ingrediente values ('103000','Fréjol');
insert into Ingrediente values ('104000','Lenteja');
insert into Ingrediente values ('105000','Limón');
insert into Ingrediente values ('106000','Sal');
insert into Ingrediente values ('107000','Aceite');
insert into Ingrediente values ('108000','Harina');
insert into Ingrediente values ('109000','Aliño');
insert into Ingrediente values ('110000','Pimiento');

-- Completado
insert into CompraIngrediente values ('100000','1704532390',0.7,60,'2020-01-05');
insert into CompraIngrediente values ('100000','1704532390',0.7,65,'2020-02-05');
insert into CompraIngrediente values ('100000','1704532390',0.7,67,'2020-03-05');
insert into CompraIngrediente values ('100000','1704532390',0.7,68,'2020-04-05');
insert into CompraIngrediente values ('100000','1704532390',0.7,68,'2020-05-05');
insert into CompraIngrediente values ('101000','1704532392',0.7,97,'2020-01-05');
insert into CompraIngrediente values ('101000','1704532392',0.7,91,'2020-02-05');
insert into CompraIngrediente values ('101000','1704532392',0.7,95,'2020-03-05');
insert into CompraIngrediente values ('101000','1704532392',0.7,97,'2020-04-05');
insert into CompraIngrediente values ('101000','1704532392',0.7,97,'2020-05-05');
insert into CompraIngrediente values ('102000','1704532391',0.35,40,'2020-01-05');
insert into CompraIngrediente values ('102000','1704532391',0.35,35,'2020-02-05');
insert into CompraIngrediente values ('102000','1704532391',0.35,42,'2020-03-05');
insert into CompraIngrediente values ('102000','1704532391',0.35,38,'2020-04-05');
insert into CompraIngrediente values ('102000','1704532391',0.35,38,'2020-05-05');
insert into CompraIngrediente values ('103000','1704532393',1.25,15,'2020-01-05');
insert into CompraIngrediente values ('103000','1704532393',1.25,12,'2020-02-05');
insert into CompraIngrediente values ('103000','1704532393',1.25,15,'2020-03-05');
insert into CompraIngrediente values ('103000','1704532393',1.25,16,'2020-04-05');
insert into CompraIngrediente values ('103000','1704532393',1.25,16,'2020-05-05');
insert into CompraIngrediente values ('104000','1704532393',1.05,12,'2020-01-05');
insert into CompraIngrediente values ('104000','1704532393',1.05,9,'2020-02-05');
insert into CompraIngrediente values ('104000','1704532393',1.05,11,'2020-03-05');
insert into CompraIngrediente values ('104000','1704532393',1.05,13,'2020-04-05');
insert into CompraIngrediente values ('104000','1704532393',1.05,12,'2020-05-05');
insert into CompraIngrediente values ('105000','1704532394',0.05,200,'2020-01-05');
insert into CompraIngrediente values ('105000','1704532394',0.05,190,'2020-02-05');
insert into CompraIngrediente values ('105000','1704532394',0.05,270,'2020-03-05');
insert into CompraIngrediente values ('105000','1704532394',0.05,250,'2020-04-05');
insert into CompraIngrediente values ('105000','1704532394',0.05,290,'2020-05-05');
insert into CompraIngrediente values ('106000','1704532395',0.65,35,'2020-01-05');
insert into CompraIngrediente values ('106000','1704532395',0.65,31,'2020-02-05');
insert into CompraIngrediente values ('106000','1704532395',0.65,34,'2020-03-05');
insert into CompraIngrediente values ('106000','1704532395',0.65,35,'2020-04-05');
insert into CompraIngrediente values ('106000','1704532395',0.65,33,'2020-05-05');
insert into CompraIngrediente values ('107000','1704532390',1.80,23,'2020-01-05');
insert into CompraIngrediente values ('107000','1704532390',1.80,20,'2020-02-05');
insert into CompraIngrediente values ('107000','1704532390',1.80,22,'2020-03-05');
insert into CompraIngrediente values ('107000','1704532390',1.80,21,'2020-04-05');
insert into CompraIngrediente values ('107000','1704532390',1.80,22,'2020-05-05');
insert into CompraIngrediente values ('108000','1704532390',0.5,18,'2020-01-05');
insert into CompraIngrediente values ('108000','1704532390',0.5,16,'2020-02-05');
insert into CompraIngrediente values ('108000','1704532390',0.5,17,'2020-03-05');
insert into CompraIngrediente values ('108000','1704532390',0.5,16,'2020-04-05');
insert into CompraIngrediente values ('108000','1704532390',0.5,16,'2020-05-05');
insert into CompraIngrediente values ('109000','1704532390',0.65,23,'2020-01-05');
insert into CompraIngrediente values ('109000','1704532390',0.65,20,'2020-02-05');
insert into CompraIngrediente values ('109000','1704532390',0.65,22,'2020-03-05');
insert into CompraIngrediente values ('109000','1704532390',0.65,21,'2020-04-05');
insert into CompraIngrediente values ('109000','1704532390',0.65,23,'2020-05-05');
insert into CompraIngrediente values ('110000','1704532394',0.35,60,'2020-01-05');
insert into CompraIngrediente values ('110000','1704532394',0.35,55,'2020-02-05');
insert into CompraIngrediente values ('110000','1704532394',0.35,59,'2020-03-05');
insert into CompraIngrediente values ('110000','1704532394',0.35,53,'2020-04-05');
insert into CompraIngrediente values ('110000','1704532394',0.35,58,'2020-05-05');

-- Completado
insert into Factura values ('700010001000000','0706856740','2020-01-01');
insert into Factura values ('700010001000001','0706856740','2020-03-07');
insert into Factura values ('700010001000002','0706856740','2020-04-13');
insert into Factura values ('700010001000003','0706856740','2020-05-25');
insert into Factura values ('700010001000004','0706856741','2020-02-11');
insert into Factura values ('700010001000005','0706856741','2020-03-02');
insert into Factura values ('700010001000006','0706856741','2020-05-06');
insert into Factura values ('700010001000007','0706856741','2020-06-27');
insert into Factura values ('700010001000008','0706856742','2020-01-09');
insert into Factura values ('700010001000009','0706856742','2020-02-01');
insert into Factura values ('700010001000010','0706856742','2020-04-14');
insert into Factura values ('700010001000011','0706856742','2020-06-05');
insert into Factura values ('700010001000012','0706856743','2020-02-01');
insert into Factura values ('700010001000013','0706856743','2020-03-02');
insert into Factura values ('700010001000014','0706856743','2020-04-03');
insert into Factura values ('700010001000015','0706856743','2020-05-22');
insert into Factura values ('700010001000016','0706856744','2020-02-01');
insert into Factura values ('700010001000017','0706856744','2020-02-04');
insert into Factura values ('700010001000018','0706856744','2020-03-05');
insert into Factura values ('700010001000019','0706856744','2020-05-17');
insert into Factura values ('700010001000020','0706856745','2020-01-08');
insert into Factura values ('700010001000021','0706856745','2020-04-04');
insert into Factura values ('700010001000022','0706856745','2020-05-02');
insert into Factura values ('700010001000023','0706856745','2020-06-11');
insert into Factura values ('700010001000024','0706856746','2020-01-17');
insert into Factura values ('700010001000025','0706856746','2020-02-15');
insert into Factura values ('700010001000026','0706856746','2020-05-21');
insert into Factura values ('700010001000027','0706856746','2020-06-01');
insert into Factura values ('700010001000028','0706856747','2020-01-01');
insert into Factura values ('700010001000029','0706856747','2020-02-21');
insert into Factura values ('700010001000030','0706856747','2020-03-04');
insert into Factura values ('700010001000031','0706856747','2020-04-02');
insert into Factura values ('700010001000032','0706856748','2020-02-03');
insert into Factura values ('700010001000033','0706856748','2020-03-19');
insert into Factura values ('700010001000034','0706856748','2020-05-07');
insert into Factura values ('700010001000035','0706856748','2020-06-18');
insert into Factura values ('700010001000036','0706856749','2020-01-09');
insert into Factura values ('700010001000037','0706856749','2020-02-12');
insert into Factura values ('700010001000038','0706856749','2020-04-21');
insert into Factura values ('700010001000039','0706856749','2020-04-01');

-- Completado
insert into Combo values ('200000','',0);
insert into Combo values ('200001','Combo1',7.25);
insert into Combo values ('200002','Combo2',8.50);
insert into Combo values ('200003','Combo3',9.25);
insert into Combo values ('200004','Combo4',10.25);
insert into Combo values ('200005','Combo1++',11.25);
insert into Combo values ('200006','Combo2++',12.50);
insert into Combo values ('200007','Combo3++',13.75);
insert into Combo values ('200008','Combo4++',15.25);
insert into Combo values ('200009','Combo1+',7.50);
insert into Combo values ('200010','Combo2+',9.25);
insert into Combo values ('200011','Combo3+',10.75);
insert into Combo values ('200012','Combo4+',14.25);

-- Completado
insert into Equipo values ('300000','Cocina',1300,'2019-07-15');
insert into Equipo values ('300001','Cocina',1320,'2019-08-25');
insert into Equipo values ('300002','Freidora',850,'2019-08-13');
insert into Equipo values ('300003','Freidora',600,'2019-10-07');
insert into Equipo values ('300004','Asadero',2100,'2019-12-13');
insert into Equipo values ('300005','Horno',750,'2019-01-19');
insert into Equipo values ('300006','Refrigerador',850,'2020-01-12');
insert into Equipo values ('300007','Frigorífico',2700,'2020-02-02');

-- Completado
insert into PagoEmpleado values ('1104936750','2020-01-31',420);
insert into PagoEmpleado values ('1104936750','2020-02-28',430);
insert into PagoEmpleado values ('1104936750','2020-03-31',410);
insert into PagoEmpleado values ('1104936750','2020-04-30',420);
insert into PagoEmpleado values ('1104936750','2020-05-31',420);
insert into PagoEmpleado values ('1104936751','2020-01-31',420);
insert into PagoEmpleado values ('1104936751','2020-02-28',410);
insert into PagoEmpleado values ('1104936751','2020-03-31',410);
insert into PagoEmpleado values ('1104936751','2020-04-30',410);
insert into PagoEmpleado values ('1104936751','2020-05-31',420);
insert into PagoEmpleado values ('1104936752','2020-01-31',450);
insert into PagoEmpleado values ('1104936752','2020-02-28',470);
insert into PagoEmpleado values ('1104936752','2020-03-31',450);
insert into PagoEmpleado values ('1104936752','2020-04-30',470);
insert into PagoEmpleado values ('1104936752','2020-05-31',470);
insert into PagoEmpleado values ('1104936753','2020-01-31',390);
insert into PagoEmpleado values ('1104936753','2020-02-28',400);
insert into PagoEmpleado values ('1104936753','2020-03-31',400);
insert into PagoEmpleado values ('1104936753','2020-04-30',400);
insert into PagoEmpleado values ('1104936753','2020-05-31',400);

-- Completado
insert into DetalleFactura values ('700010001000000','000000',0,'200002',2);
insert into DetalleFactura values ('700010001000001','000001',1,'200001',1);
insert into DetalleFactura values ('700010001000002','000002',1,'200000',0);
insert into DetalleFactura values ('700010001000003','000003',1,'200003',2);
insert into DetalleFactura values ('700010001000004','000004',2,'200004',1);
insert into DetalleFactura values ('700010001000005','000005',1,'200005',2);
insert into DetalleFactura values ('700010001000006','000006',1,'200006',2);
insert into DetalleFactura values ('700010001000007','000007',2,'200007',2);
insert into DetalleFactura values ('700010001000008','000008',3,'200008',1);
insert into DetalleFactura values ('700010001000009','000009',2,'200009',1);
insert into DetalleFactura values ('700010001000010','000008',1,'200010',1);
insert into DetalleFactura values ('700010001000011','000007',2,'200011',2);
insert into DetalleFactura values ('700010001000012','000010',2,'200012',2);
insert into DetalleFactura values ('700010001000013','000005',1,'200012',2);
insert into DetalleFactura values ('700010001000014','000004',1,'200011',2);
insert into DetalleFactura values ('700010001000015','000003',1,'200010',2);
insert into DetalleFactura values ('700010001000016','000002',2,'200009',1);
insert into DetalleFactura values ('700010001000017','000001',1,'200008',2);
insert into DetalleFactura values ('700010001000018','000000',0,'200007',2);
insert into DetalleFactura values ('700010001000019','000001',2,'200006',1);
insert into DetalleFactura values ('700010001000020','000002',2,'200005',2);
insert into DetalleFactura values ('700010001000021','000003',1,'200004',1);
insert into DetalleFactura values ('700010001000022','000004',2,'200003',3);
insert into DetalleFactura values ('700010001000023','000005',1,'200002',2);
insert into DetalleFactura values ('700010001000024','000006',1,'200001',1);
insert into DetalleFactura values ('700010001000025','000007',1,'200000',0);
insert into DetalleFactura values ('700010001000026','000008',2,'200001',2);
insert into DetalleFactura values ('700010001000027','000010',1,'200002',1);
insert into DetalleFactura values ('700010001000028','000009',3,'200003',2);
insert into DetalleFactura values ('700010001000029','000008',2,'200004',1);
insert into DetalleFactura values ('700010001000030','000007',1,'200005',2);
insert into DetalleFactura values ('700010001000031','000006',1,'200006',3);
insert into DetalleFactura values ('700010001000032','000005',2,'200000',0);
insert into DetalleFactura values ('700010001000033','000004',2,'200008',2);
insert into DetalleFactura values ('700010001000034','000010',1,'200009',2);
insert into DetalleFactura values ('700010001000035','000002',2,'200010',2);
insert into DetalleFactura values ('700010001000036','000001',2,'200011',3);
insert into DetalleFactura values ('700010001000037','000000',0,'200012',1);
insert into DetalleFactura values ('700010001000038','000001',1,'200011',2);
insert into DetalleFactura values ('700010001000039','000002',1,'200010',2);

-- Completo
insert into IngredienteProducto values ('000001','100000','2020-05-05',1);
insert into IngredienteProducto values ('000001','106000','2020-05-05',0.2);
insert into IngredienteProducto values ('000001','107000','2020-05-05',0.4);
insert into IngredienteProducto values ('000001','108000','2020-05-05',2);
insert into IngredienteProducto values ('000002','100000','2020-05-05',2);
insert into IngredienteProducto values ('000002','106000','2020-05-05',0.2);
insert into IngredienteProducto values ('000002','107000','2020-05-05',0.4);
insert into IngredienteProducto values ('000002','108000','2020-05-05',2);
insert into IngredienteProducto values ('000003','100000','2020-05-05',4);
insert into IngredienteProducto values ('000003','106000','2020-05-05',0.3);
insert into IngredienteProducto values ('000003','107000','2020-05-05',0.6);
insert into IngredienteProducto values ('000003','108000','2020-05-05',2.5);
insert into IngredienteProducto values ('000004','100000','2020-05-05',6);
insert into IngredienteProducto values ('000004','106000','2020-05-05',0.3);
insert into IngredienteProducto values ('000004','107000','2020-05-05',0.5);
insert into IngredienteProducto values ('000004','108000','2020-05-05',3);
insert into IngredienteProducto values ('000005','100000','2020-05-05',1);
insert into IngredienteProducto values ('000005','106000','2020-05-05',0.2);
insert into IngredienteProducto values ('000005','107000','2020-05-05',0.4);
insert into IngredienteProducto values ('000005','109000','2020-05-05',0.03);
insert into IngredienteProducto values ('000006','103000','2020-05-05',0.5);
insert into IngredienteProducto values ('000006','106000','2020-05-05',0.2);
insert into IngredienteProducto values ('000006','107000','2020-05-05',0.4);
insert into IngredienteProducto values ('000006','109000','2020-05-05',0.15);
insert into IngredienteProducto values ('000007','104000','2020-05-05',0.5);
insert into IngredienteProducto values ('000007','106000','2020-05-05',0.2);
insert into IngredienteProducto values ('000007','107000','2020-05-05',0.4);
insert into IngredienteProducto values ('000007','109000','2020-05-05',0.15);
insert into IngredienteProducto values ('000008','105000','2020-05-05',2);
insert into IngredienteProducto values ('000008','106000','2020-05-05',0.05);
insert into IngredienteProducto values ('000008','107000','2020-05-05',0.1);
insert into IngredienteProducto values ('000008','110000','2020-05-05',0.25);
insert into IngredienteProducto values ('000009','102000','2020-05-05',0.5);
insert into IngredienteProducto values ('000009','107000','2020-05-05',0.15);
insert into IngredienteProducto values ('000010','102000','2020-05-05',0.5);
insert into IngredienteProducto values ('000010','107000','2020-05-05',0.05);

-- Completo
insert into ProductoCombo values ('200001','000001',1);
insert into ProductoCombo values ('200001','000005',1);
insert into ProductoCombo values ('200001','000008',1);
insert into ProductoCombo values ('200002','000002',1);
insert into ProductoCombo values ('200002','000005',1);
insert into ProductoCombo values ('200002','000008',1);
insert into ProductoCombo values ('200003','000003',1);
insert into ProductoCombo values ('200003','000005',1);
insert into ProductoCombo values ('200003','000008',1);
insert into ProductoCombo values ('200004','000004',1);
insert into ProductoCombo values ('200004','000005',1);
insert into ProductoCombo values ('200004','000008',1);
insert into ProductoCombo values ('200005','000001',1);
insert into ProductoCombo values ('200005','000005',1);
insert into ProductoCombo values ('200005','000006',1);
insert into ProductoCombo values ('200005','000009',1);
insert into ProductoCombo values ('200006','000002',1);
insert into ProductoCombo values ('200006','000005',1);
insert into ProductoCombo values ('200006','000006',1);
insert into ProductoCombo values ('200006','000009',1);
insert into ProductoCombo values ('200007','000003',1);
insert into ProductoCombo values ('200007','000005',1);
insert into ProductoCombo values ('200007','000007',1);
insert into ProductoCombo values ('200007','000010',1);
insert into ProductoCombo values ('200008','000004',1);
insert into ProductoCombo values ('200008','000005',1);
insert into ProductoCombo values ('200008','000007',1);
insert into ProductoCombo values ('200008','000010',1);
insert into ProductoCombo values ('200009','000001',1);
insert into ProductoCombo values ('200009','000005',1);
insert into ProductoCombo values ('200009','000009',1);
insert into ProductoCombo values ('200010','000002',1);
insert into ProductoCombo values ('200010','000005',1);
insert into ProductoCombo values ('200010','000009',1);
insert into ProductoCombo values ('200011','000003',1);
insert into ProductoCombo values ('200011','000005',1);
insert into ProductoCombo values ('200011','000010',1);
insert into ProductoCombo values ('200012','000004',1);
insert into ProductoCombo values ('200012','000005',1);
insert into ProductoCombo values ('200012','000010',1);


--Inserciones de la sucursal

--Completo
--insert into Empleado values ('1104936754','Raquel','Ramirez','0982369874','Cocinero');
--insert into Empleado values ('1104936755','Daniela','Espinoza','0993625148','Vendedor');
--insert into Empleado values ('1104936756','Anita','Aguilar','0987985364','Mesero');

--Completo
--insert into PagoEmpleado values ('1104936754','2020-01-31',420);
--insert into PagoEmpleado values ('1104936754','2020-02-28',420);
--insert into PagoEmpleado values ('1104936754','2020-03-31',420);
--insert into PagoEmpleado values ('1104936754','2020-04-30',410);
--insert into PagoEmpleado values ('1104936754','2020-05-31',410);
--insert into PagoEmpleado values ('1104936755','2020-01-31',420);
--insert into PagoEmpleado values ('1104936755','2020-02-28',420);
--insert into PagoEmpleado values ('1104936755','2020-03-31',430);
--insert into PagoEmpleado values ('1104936755','2020-04-30',40);
--insert into PagoEmpleado values ('1104936755','2020-05-31',320);
--insert into PagoEmpleado values ('1104936756','2020-01-31',550);
--insert into PagoEmpleado values ('1104936756','2020-02-28',570);
--insert into PagoEmpleado values ('1104936756','2020-03-31',450);
--insert into PagoEmpleado values ('1104936756','2020-04-30',570);
--insert into PagoEmpleado values ('1104936756','2020-05-31',370);

--Completo
--insert into Cliente values ('0706856751','Carlos','Romero','De las Palmeras y El Inca','0968975265');
--insert into Cliente values ('0706856752','Isidro','Araujo','Amazonas y 10 de Agosto','0968977225');
--insert into Cliente values ('0706856753','Alexis','Troya','Las Bermudas e Inglaterra','0968979235');
--insert into Cliente values ('0706856754','Karla','Torres','Tena y Colón','0968971245');
--insert into Cliente values ('0706856755','Cristhian','Albán','La Independencia y Rumiñahui','0968944435');

--Completo
--insert into Factura values ('700010002000000','0706856751','2020-01-20');
--insert into Factura values ('700010002000001','0706856751','2020-02-11');
--insert into Factura values ('700010002000002','0706856751','2020-03-02');
--insert into Factura values ('700010002000003','0706856752','2020-05-14');
--insert into Factura values ('700010002000004','0706856752','2020-04-25');
--insert into Factura values ('700010002000005','0706856752','2020-06-17');
--insert into Factura values ('700010002000006','0706856753','2020-02-18');
--insert into Factura values ('700010002000007','0706856753','2020-03-29');
--insert into Factura values ('700010002000008','0706856753','2020-04-11');
--insert into Factura values ('700010002000009','0706856754','2020-01-31');
--insert into Factura values ('700010002000010','0706856754','2020-05-26');
--insert into Factura values ('700010002000011','0706856754','2020-06-12');
--insert into Factura values ('700010002000012','0706856755','2020-01-30');
--insert into Factura values ('700010002000013','0706856755','2020-04-21');
--insert into Factura values ('700010002000014','0706856755','2020-06-11');

--Completo
--insert into DetalleFactura values ('700010002000000','000000',0,'200002',1);
--insert into DetalleFactura values ('700010002000001','000002',1,'200003',2);
--insert into DetalleFactura values ('700010002000001','000003',2,'200000',0);
--insert into DetalleFactura values ('700010002000002','000001',1,'200005',2);
--insert into DetalleFactura values ('700010002000003','000005',2,'200006',2);
--insert into DetalleFactura values ('700010002000004','000006',1,'200009',1);
--insert into DetalleFactura values ('700010002000005','000007',1,'200008',2);
--insert into DetalleFactura values ('700010002000006','000009',1,'200007',3);
--insert into DetalleFactura values ('700010002000007','000010',1,'200004',2);
--insert into DetalleFactura values ('700010002000008','000005',2,'200002',2);
--insert into DetalleFactura values ('700010002000008','000004',2,'200003',2);
--insert into DetalleFactura values ('700010002000009','000003',2,'200001',1);
--insert into DetalleFactura values ('700010002000010','000006',1,'200001',1);
--insert into DetalleFactura values ('700010002000010','000009',2,'200000',0);
--insert into DetalleFactura values ('700010002000010','000010',1,'200010',1);
--insert into DetalleFactura values ('700010002000011','000008',2,'200010',2);
--insert into DetalleFactura values ('700010002000012','000001',3,'200011',2);
--insert into DetalleFactura values ('700010002000012','000002',3,'200012',3);
--insert into DetalleFactura values ('700010002000013','000004',1,'200012',2);
--insert into DetalleFactura values ('700010002000014','000003',2,'200012',1);

-- Completo
--insert into CompraIngrediente values ('100000','1704532390',0.7,40,'2020-01-18');
--insert into CompraIngrediente values ('100000','1704532390',0.7,45,'2020-02-18');
--insert into CompraIngrediente values ('100000','1704532390',0.7,47,'2020-03-18');
--insert into CompraIngrediente values ('100000','1704532390',0.7,48,'2020-04-18');
--insert into CompraIngrediente values ('100000','1704532390',0.7,48,'2020-05-18');
--insert into CompraIngrediente values ('101000','1704532392',0.7,77,'2020-01-18');
--insert into CompraIngrediente values ('101000','1704532392',0.7,71,'2020-02-18');
--insert into CompraIngrediente values ('101000','1704532392',0.7,75,'2020-03-18');
--insert into CompraIngrediente values ('101000','1704532392',0.7,77,'2020-04-18');
--insert into CompraIngrediente values ('101000','1704532392',0.7,77,'2020-05-18');
--insert into CompraIngrediente values ('102000','1704532391',0.35,30,'2020-01-18');
--insert into CompraIngrediente values ('102000','1704532391',0.35,27,'2020-02-18');
--insert into CompraIngrediente values ('102000','1704532391',0.35,22,'2020-03-18');
--insert into CompraIngrediente values ('102000','1704532391',0.35,28,'2020-04-18');
--insert into CompraIngrediente values ('102000','1704532391',0.35,28,'2020-05-18');
--insert into CompraIngrediente values ('103000','1704532393',1.25,9,'2020-01-18');
--insert into CompraIngrediente values ('103000','1704532393',1.25,7,'2020-02-18');
--insert into CompraIngrediente values ('103000','1704532393',1.25,9,'2020-03-18');
--insert into CompraIngrediente values ('103000','1704532393',1.25,11,'2020-04-18');
--insert into CompraIngrediente values ('103000','1704532393',1.25,11,'2020-05-18');
--insert into CompraIngrediente values ('104000','1704532393',1.05,7,'2020-01-18');
--insert into CompraIngrediente values ('104000','1704532393',1.05,6,'2020-02-18');
--insert into CompraIngrediente values ('104000','1704532393',1.05,7,'2020-03-18');
--insert into CompraIngrediente values ('104000','1704532393',1.05,8,'2020-04-18');
--insert into CompraIngrediente values ('104000','1704532393',1.05,8,'2020-05-18');
--insert into CompraIngrediente values ('105000','1704532394',0.05,170,'2020-01-18');
--insert into CompraIngrediente values ('105000','1704532394',0.05,150,'2020-02-18');
--insert into CompraIngrediente values ('105000','1704532394',0.05,180,'2020-03-18');
--insert into CompraIngrediente values ('105000','1704532394',0.05,170,'2020-04-18');
--insert into CompraIngrediente values ('105000','1704532394',0.05,170,'2020-05-18');
--insert into CompraIngrediente values ('106000','1704532395',0.65,25,'2020-01-18');
--insert into CompraIngrediente values ('106000','1704532395',0.65,21,'2020-02-18');
--insert into CompraIngrediente values ('106000','1704532395',0.65,24,'2020-03-18');
--insert into CompraIngrediente values ('106000','1704532395',0.65,25,'2020-04-18');
--insert into CompraIngrediente values ('106000','1704532395',0.65,23,'2020-05-18');
--insert into CompraIngrediente values ('107000','1704532390',1.80,17,'2020-01-18');
--insert into CompraIngrediente values ('107000','1704532390',1.80,14,'2020-02-18');
--insert into CompraIngrediente values ('107000','1704532390',1.80,17,'2020-03-18');
--insert into CompraIngrediente values ('107000','1704532390',1.80,16,'2020-04-18');
--insert into CompraIngrediente values ('107000','1704532390',1.80,18,'2020-05-18');
--insert into CompraIngrediente values ('108000','1704532390',0.5,12,'2020-01-18');
--insert into CompraIngrediente values ('108000','1704532390',0.5,10,'2020-02-18');
--insert into CompraIngrediente values ('108000','1704532390',0.5,11,'2020-03-18');
--insert into CompraIngrediente values ('108000','1704532390',0.5,12,'2020-04-18');
--insert into CompraIngrediente values ('108000','1704532390',0.5,10,'2020-05-18');
--insert into CompraIngrediente values ('109000','1704532390',0.65,15,'2020-01-18');
--insert into CompraIngrediente values ('109000','1704532390',0.65,12,'2020-02-18');
--insert into CompraIngrediente values ('109000','1704532390',0.65,13,'2020-03-18');
--insert into CompraIngrediente values ('109000','1704532390',0.65,13,'2020-04-18');
--insert into CompraIngrediente values ('109000','1704532390',0.65,15,'2020-05-18');
--insert into CompraIngrediente values ('110000','1704532394',0.35,50,'2020-01-18');
--insert into CompraIngrediente values ('110000','1704532394',0.35,45,'2020-02-18');
--insert into CompraIngrediente values ('110000','1704532394',0.35,49,'2020-03-18');
--insert into CompraIngrediente values ('110000','1704532394',0.35,53,'2020-04-18');
--insert into CompraIngrediente values ('110000','1704532394',0.35,48,'2020-05-18');